date,team_a,team_b,status,ball_by_ball_recovery,pom_recovery,target_eligibility,notes
2013-08-08,Barbados Tridents,St Lucia Zouks,pending,pending,pending,pending,Cricsheet currently lists as missing
2014-07-12,St Lucia Zouks,Jamaica Tallawahs,pending,pending,pending,pending,Cricsheet currently lists as missing
2014-07-17,Red Steel,Guyana Amazon Warriors,pending,pending,pending,pending,Cricsheet currently lists as missing
2014-07-25,Antigua Hawksbills,Barbados Tridents,pending,pending,pending,pending,Cricsheet currently lists as missing
2016-07-05,Patriots,Barbados Tridents,pending,pending,pending,pending,Cricsheet currently lists as missing
2016-07-07,Jamaica Tallawahs,Guyana Amazon Warriors,pending,pending,pending,pending,Cricsheet currently lists as missing
2016-07-09,Patriots,Guyana Amazon Warriors,pending,pending,pending,pending,Cricsheet currently lists as missing
2016-07-12,St Lucia Zouks,Guyana Amazon Warriors,pending,pending,pending,pending,Cricsheet currently lists as missing
2016-07-23,Barbados Tridents,St Lucia Zouks,pending,pending,pending,pending,Cricsheet currently lists as missing
